{
    "AFN": "Af.",
    "DZD": "د.ج",
    "ARS": "$",
    "AUD": "$",
    "AZN": "₼",
    "BSD": "$",
    "BHD": ".د.ب",
    "BDT": "৳",
    "BBD": "$",
    "BYN": "Br",
    "BZD": "$",
    "BMD": "$",
    "BTN": "Nu.",
    "BOB": "Bs.",
    "BAM": "KM",
    "BWP": "P",
    "BRL": "R$",
    "GBP": "£",
    "BND": "$",
    "BGN": "лв",
    "BIF": "FBu",
    "KHR": "៛",
    "CAD": "$",
    "CVE": "Esc",
    "KYD": "$",
    "XAF": "FCFA",
    "CLP": "$",
    "CNY": "¥",
    "COP": "$",
    "KMF": "CF",
    "CDF": "FC",
    "CRC": "₡",
    "HRK": "kn",
    "CUP": "$",
    "CZK": "Kč",
    "DKK": "kr",
    "DJF": "Fdj",
    "DOP": "$",
    "XCD": "$",
    "EGP": "£",
    "ERN": "Nfk",
    "ETB": "Br",
    "EUR": "€",
    "FJD": "$",
    "GMD": "D",
    "GEL": "₾",
    "GHS": "₵",
    "GIP": "£",
    "GTQ": "Q",
    "GNF": "FG",
    "GYD": "$",
    "HTG": "G",
    "HNL": "L",
    "HKD": "$",
    "HUF": "Ft",
    "ISK": "kr",
    "INR": "₹",
    "IDR": "Rp",
    "IRR": "﷼",
    "IQD": "ع.د",
    "ILS": "₪",
    "JMD": "$",
    "JPY": "¥",
    "JOD": "د.ا",
    "KZT": "₸",
    "KES": "KSh",
    "KWD": "د.ك",
    "KGS": "лв",
    "LAK": "₭",
    "LBP": "ل.ل",
    "LSL": "L",
    "LRD": "$",
    "LYD": "ل.د",
    "MOP": "P",
    "MKD": "ден",
    "MGA": "Ar",
    "MWK": "MK",
    "MYR": "RM",
    "MVR": "Rf",
    "MRU": "UM",
    "MUR": "₨",
    "MXN": "$",
    "MDL": "L",
    "MNT": "₮",
    "MAD": "د.م.",
    "MZN": "MT",
    "MMK": "K",
    "NAD": "$",
    "NPR": "₨",
    "ANG": "ƒ",
    "NZD": "$",
    "NIO": "C$",
    "NGN": "₦",
    "KPW": "₩",
    "NOK": "kr",
    "OMR": "ر.ع.",
    "PKR": "₨",
    "PAB": "B/.",
    "PGK": "K",
    "PYG": "₲",
    "PEN": "S/",
    "PHP": "₱",
    "PLN": "zł",
    "QAR": "ر.ق",
    "RON": "lei",
    "RUB": "₽",
    "RWF": "FRw",
    "SHP": "£",
    "WST": "T",
    "STN": "Db",
    "SAR": "ر.س",
    "RSD": "дин",
    "SCR": "₨",
    "SLL": "Le",
    "SGD": "$",
    "SBD": "$",
    "SOS": "Sh",
    "ZAR": "R",
    "KRW": "₩",
    "SSP": "£",
    "LKR": "₨",
    "SDG": "ج.س.",
    "SRD": "$",
    "SZL": "L",
    "SEK": "kr",
    "CHF": "Fr.",
    "SYP": "£",
    "TWD": "NT$",
    "TJS": "ЅМ",
    "TZS": "TSh",
    "THB": "฿",
    "TOP": "T$",
    "TTD": "$",
    "TND": "د.ت",
    "TRY": "₺",
    "TMT": "m",
    "UGX": "USh",
    "UAH": "₴",
    "AED": "د.إ",
    "USD": "$",
    "UYU": "$",
    "UZS": "лв",
    "VUV": "VT",
    "VES": "Bs.S",
    "VND": "₫",
    "YER": "﷼",
    "ZMW": "ZK",
    "ZWL": "$"
  }
  